"barrio","riesgo"
"Los Conquistadores",1
"Girardot",2
"Patio Bonito",2
"Villa Hermosa",2
"Los Angeles",2
"Manrique Central No. 1",2
"Oleoducto",2
"Las Granjas",2
"El Socorro",2
"San Benito",1
"Cerro Nutibara",2
"La Florida",2
"Asomadera No. 2",2
"San Bernardo",2
"Campo Amor",1
"Manrique Central No. 2",2
"Doce de Octubre No.1",2
"Las Palmas",2
"Universidad de Antioquia",2
"Las Brisas",2
"Palermo",2
"Caribe",1
"Villa Nueva",1
"El Diamante",2
"Cristo Rey",1
"Sevilla",2
"San Pedro",2
"Las Esmeraldas",2
"Naranjal",1
"Miranda",2
"",3
"Cucaracho",2
"Guayabal",1
"El Progreso No.2",2
"Moravia",2
"Barrio de Jesus",2
"Betania",2
"Hector Abad Gomez",2
"San Diego",1
"Las Playas",2
"Prado",1
"Santa Maria de Los Angeles",2
"Facultad de Minas U. Nacional",2
"La Candelaria",1
"Bolivariana",2
"Cabecera San Antonio de Prado",1
"Centro Administrativo",2
"Perpetuo Socorro",1
"El Poblado",2
"San Antonio",2
"Calle Nueva",1
"Las Acacias",2
"Estacion Villa",2
"Belalcazar",2
"Robledo",2
"Laureles",2
"San Miguel",2
"Los Mangos",2
"Nueva Villa de Aburra",2
"San Javier No.1",2
"El Progreso",1
"Granizal",2
"Francisco Antonio Zea",2
"Calasanz",2
"San Isidro",2
"Guayaquil",1
"Las Estancias",2
"Boston",1
"Rosales",1
"Suburbano El Plan",2
"Las Lomas No.2",2
"Los Pinos",2
"Barrio Colon",1
"Diego Echavarria",2
"Campo Valdes No. 1",2
"Universidad Nacional",1
"Belen",1
"Trinidad",2
"Castropol",2
"Santa Ines",2
"El Salvador",2
"El Velodromo",2
"Picacho",2
"Manila",1
"Las Violetas",2
"La Palma",2
"El Chagualo",1
"Terminal de Transporte",1
"Florencia",2
"Kennedy",2
"Bombona No. 1",2
"Altavista",2
"Moscu No. 2",2
"La Mota",2
"El Estadio",2
"Toscana",2
"Santa Fe",1
"Miraflores",2
"La America",2
"La Aguacatala",1
"El Pesebre",2
"Area de Expansion Altos de Calasanz",2
"El Raizal",2
"Villa Carlota",1
"Aures No. 2",2
"La Alpujarra",1
"Trece de Noviembre",2
"Fatima",2
"Santa Cruz",2
"Lorena",2
"Carlos E. Restrepo",1
"Los Balsos No.2",2
"San Pablo",2
"Alejandro Echavarria",2
"Loma de los Bernal",2
"Gerona",2
"La Pilarica",2
"Corazon de Jesus",1
"San Jose la Cima No. 1",2
"La Floresta",2
"Bello Horizonte",2
"Buenos Aires",2
"Manrique Oriental",2
"Lalinde",2
"Brasilia",2
"La Libertad",2
"San Joaquin",2
"Villatina",2
"La Loma de Los Bernal",2
"El Pinal",2
"Tricentenario",2
"Pedregal",2
"Los Colores",1
"Castilla",1
"Villa Flora",2
"Moscu No. 1",2
"Santa Monica",2
"La Gloria",2
"Nueva Villa de la Iguana",2
"Las Lomas No.1",2
"Barrio Cristobal",2
"Campo Alegre",2
"La Mansion",2
"Tejelo",2
"La Colina",2
"Berlin",2
"El Rodeo",2
"Suramericana",1
"Los Alcazares",2
"San German",2
"Altamira",2
"Olaya Herrera",2
"Parque Juan Pablo II",2
"Playon de Los Comuneros",2
"Bermejal-Los Alamos",2
"Tenche",2
"El Danubio",2
"Nuevos Conquistadores",2
"Inst",2
"Manrique Central No.1",2
"Palenque",2
"Blanquizal",2
"Carpinelo",2
"B. Cerro  El Volador",2
"U.D. Atanasio Girardot",2
"Enciso",2
"Cabecera Urbana San Cristobal",2
"San Martin de Porres",2
"Parque Norte",2
"Doce de Octubre No.2",2
"El Pomar",2
"Campo Valdes No.2",2
"La Cruz",2
"El Rincon",2
"Barrio Colombia",2
"La Pradera",2
"Suburbano Mirador del Poblado",2
"La Pinuela",2
"Jesus Nazareno",1
"Santa Teresita",2
"Veinte de Julio",2
"Florida Nueva",2
"Sucre",2
"La Salle",2
"Barrio Caicedo",2
"La Avanzada",2
"Suburbano La Loma",2
"La Francia",2
"Calasanz Parte Alta",2
"El Tesoro",2
"Boyaca",2
"La Rosa",2
"Campo Valdes No. 2",2
"Simon Bolivar",2
"Aguas frias",2
"Cuarta Brigada",2
"Cordoba",2
"Alfonso Lopez",2
"Versalles No. 1",2
"El Diamante No. 2",2
"Asomadera No. 1",2
"Ocho de Marzo",2
"Andalucia",2
"Jardin Botanico",2
"Bosques de San Pablo",2
"0",2
"El Corazon El Morro",2
"El Compromiso",2
"Popular",2
"Las Mercedes",2
"Santander",2
"Area de Expansion Pajarito",2
"Los Alpes",2
"Alejandria",2
"El Castillo",2
"San Javier No.2",2
"La Milagrosa",2
"La Esperanza",2
"Ferrini",2
"Villa Turbay",2
"Miravalle",2
"La Isla",2
"La Castellana",2
"Aures No.1",2
"El Vergel",2
"La Frontera",2
"Lopez de Mesa",2
"Cataluna",2
"La Esperanza No. 2",2
"Villa Niza",2
"Juan XXIII La Quiebra",2
"Los Balsos No.1",2
"Loreto",2
"La Verde",2
"San Lucas",2
"Suburbano Palma Patio",2
"Cementerio Universal",2
"Astorga",2
"Los Naranjos",2
"San Jose la Cima No.2",2
"Santo Domingo Savio No. 1",2
"Villa Guadalupe",2
"Juan Pablo II",2
"Las Independencias",2
"La Ladera",2
"Bombona No. 2",2
"Granada",2
"Picachito",2
"Altos del Poblado",2
"Belencito",2
"Villa del Socorro",2
"U.P.B.",2
"Santa Lucia",2
"Santo Domingo Savio No. 2",2
"El Salado",2
"El Nogal-Los Almendros",2
"Pajarito",2
"Santa Margarita",2
"La Hondonada",2
"Antonio Narino",2
"Oriente",2
"Altavista Sector Central",2
"Aranjuez",2
"El Corazon",2
"Fuente Clara",2
"La Oculta",2
"Suburbano el Tesoro",2
"Aguas Frias",2
"Bombona No.1",2
"Los Cerros El Vergel",2
"Pablo VI",2
"Versalles No. 2",2
"El Triunfo",2
"Villa Liliam",2
"Buga Patio Bonito",2
"Maria Cano Carambolas",2
"El Picacho",2
"Versalles No.1",2
"Hospital San Vicente de Paul",2
"La Loma Oriental",2
"Pedregal Alto",2
"Asomadera No. 3",2
"Monteclaro",2
"Suburbano Travesias",2
"Santa Rosa de Lima",2
"Suburbano Pedregal alto",2
"Pedregal Bajo",2
"Llanaditas",2
"Area de Expansion San Antonio de Prado",2
"Eduardo Santos",2
"Piedras Blancas",2
"Aldea Pablo VI",2
"Plaza de Ferias",2
"Facultad Veterinaria y Zootecnia U.de.A.",2
"Piedras Blancas Represa",2
"Batallon Girardot",2
"La Loma",2
"Manrique Central No.2",2
"Mirador del Doce",2
"Suburbano Palmitas",2
"Potrerito",2
"Suburbano Altavista",2
"Suburbano El Llano",2
"Sin Nombre",2
"La Sierra",2
"Metropolitano",2
"Moscu No.2",2
"AUC1",2
"Versalles No.2",2
"Media Luna",2
"Area de Expansion Altavista",2
"Area De Expansion Altavista",2
"6001",2
"Aures No.2",2
"7001",2
"Barrios de Jesus",2
"Yolombo",2
"Santo Domingo Savio No.1",2
"Volcana Guayabal",2
"Santa Maria de los Angeles",2
"Palmitas Sector Central",2
"Area De Expansion Belen Rincon",2
"San Jose de la Montana",2
"SUBURB El Plan",2
"Asomadera No.1",2
"Suburbano La Cuchilla",2
"1018",2
"1507",2
"1504",2
"La mota",2
"1408",2
"1011",2
"1419",2
"1503",2
"907",2
"Sin Inf",2
"1422",2
"1020",2
"408",2
"1510",2
"Santa Elena Sector Central",2
"1114",2
"205",2
"1423",2
"402",2
"103",2
"717",2
"505",2
"1019",2
"1001",2
"509",2
"301",2
"1101",2
"303",2
"409",2
"811",2
"712",2
"1603",2
"1003",2
"307",2
"1204",2
"208",2
"809",2
"306",2
"906",2
"1007",2
"413",2
"Suburbano Aguas Frias",2
"1103",2
"1108",2
"1511",2
"109",2
"1206",2
"914",2
"711",2
"San Jose Del Manzanillo",2
"1613",2
"813",2
"514",2
"1611",2
"1306",2
"819",2
"7002",2
"Suburbano La Palma-El Patio",2
"1012",2
"Suburbano Potrerito",2
"Villa Lilliam",2
"Piedras Blancas - Matasano",2
"9004",2
"9086",2
"Nueva Villa de La Iguana",2
"El Plan",2
"El Uvito",2
"El Llano SE",2
"Yarumalito",2
"312",2
"1102",2
"1202",2
"302",2
"1105",2
"1205",2
"El Astillero",2
"310",2
"309",2
"1211",2
"803",2
"105",2
"606",2
"716",2
"1605",2
"211",2
"5002",2
"Suburbano Piedra Gorda",2
"912",2
"Travesias",2
"Moscu No.1",2
"AUC2",2
"903",2
"1004",2
"1015",2
"1620",2
"1612",2
"1008",2
"815",2
"304",2
"202",2
"Boqueron",2
